"date","location","secchi","mission","med_Blue_corr","med_Red_corr","med_Green_corr","med_Nir_corr","med_Swir1_corr","med_Swir2_corr","prop_clouds","prop_hillShadow","pCount_dswe1","pCount_dswe3","min_cloud_dist","mean_cloud_dist","system.index","CLOUD_COVER","IMAGE_QUALITY","IMAGE_QUALITY_TIRS","SUN_AZIMUTH","SUN_ELEVATION","tot_sol_rad_KJpm2_3","max_temp_degK_3","min_temp_degK_3","tot_precip_m_3","mean_wind_mps_3","tot_sol_rad_KJpm2_5","max_temp_degK_5","min_temp_degK_5","tot_precip_m_5","mean_wind_mps_5","tot_sol_rad_KJpm2_7","max_temp_degK_7","min_temp_degK_7","tot_precip_m_7","mean_wind_mps_7"
2006-09-22,"E","3.62","LANDSAT_7",0.016755,0.00594749999999999,0.0176075,0.00666249999999998,0.0015475,0.00107999999999999,0,1,23,0,289,296.869565217391,"2_LE07_018050_20060922",33,9,NA,117.0824247,60.80893638,62803.3,295.258213043213,294.709631601969,0.0243437212008075,0.246850608511355,105532.044,295.258213043213,294.709631601969,0.0406658899085528,0.292481072930525,145323.508,295.258213043213,294.134234110514,0.0644052278296954,0.265044341578969
2018-05-10,"B","4.40","LANDSAT_8",0.021423411106594,0.00781862408121931,0.0296753836013933,0.0197173862558846,0.00570606863307787,0.00493129338958106,0,1,25,0,186,193.16,"1_LC08_018050_20180510",47.87,9,9,78.70537524,66.60471504,65558.828,296.023969650268,294.182888666789,0.00172162950038768,0.866028251238124,109202.398,296.023969650268,294.162932078044,0.0022140371513828,0.899384114292508,155312.194,296.023969650268,294.162932078044,0.00360266117197483,0.944808661019653
2018-05-10,"E","3.90","LANDSAT_8",0.0215544821153866,0.00876515981062164,0.030253644497376,0.0157998580651981,0.00741889606227482,0.00624139068134793,0,1,25,0,491,498.56,"1_LC08_018050_20180510",47.87,9,9,78.70537524,66.60471504,65558.828,296.023969650268,294.182888666789,0.00172162950038768,0.866028251238124,109202.398,296.023969650268,294.162932078044,0.0022140371513828,0.899384114292508,155312.194,296.023969650268,294.162932078044,0.00360266117197483,0.944808661019653
2018-05-10,"F","4.45","LANDSAT_8",0.0243102659163509,0.00959440449484113,0.0292239563493714,0.0175085899354718,0.00664856869837655,0.00569878016195319,0,1,26,0,227,233.615384615385,"1_LC08_018050_20180510",47.87,9,9,78.70537524,66.60471504,65558.828,296.023969650268,294.182888666789,0.00172162950038768,0.866028251238124,109202.398,296.023969650268,294.162932078044,0.0022140371513828,0.899384114292508,155312.194,296.023969650268,294.162932078044,0.00360266117197483,0.944808661019653
2018-05-10,"P","3.40","LANDSAT_8",0.039413168773573,0.0162428954792223,0.036263620558736,0.0214206736259089,0.0081905224894226,0.00673940536181996,0,1,26,0,359,367.076923076923,"1_LC08_018050_20180510",47.87,9,9,78.70537524,66.60471504,65558.828,296.023969650268,294.182888666789,0.00172162950038768,0.866028251238124,109202.398,296.023969650268,294.162932078044,0.0022140371513828,0.899384114292508,155312.194,296.023969650268,294.162932078044,0.00360266117197483,0.944808661019653
2018-05-10,"R","3.60","LANDSAT_8",0.062636499303463,0.0367177520534402,0.0479949074394089,0.0453540969969764,0.0149913472362507,0.0091928299288182,0,1,24,0,180,188.041666666667,"1_LC08_018050_20180510",47.87,9,9,78.70537524,66.60471504,65558.828,296.023969650268,294.182888666789,0.00172162950038768,0.866028251238124,109202.398,296.023969650268,294.162932078044,0.0022140371513828,0.899384114292508,155312.194,296.023969650268,294.162932078044,0.00360266117197483,0.944808661019653
2018-10-01,"R","2.50","LANDSAT_8",0.0217511153543574,0.00935737973544582,0.024349572008984,0.0167850721281358,0.013351102923085,0.0116147562230592,0,1,13,2,9,14.4615384615385,"1_LC08_018050_20181001",51.5,9,9,127.22715492,61.66513848,51766.7715,293.892645517985,293.740516662598,0.0273845599418401,0.804286663926579,89668.3284375,294.529682159424,293.740516662598,0.0409867430182835,0.643479849651925,129723.8293125,294.699788411458,293.740516662598,0.0467926943751245,0.619635415650684
2018-11-02,"B","4.50","LANDSAT_8",0.0207027753440213,0.0075821855623911,0.0280876788465681,0.00713501086344993,0.001980160269529,0.00214425998428622,0,1,25,0,271,278.2,"1_LC08_018050_20181102",54.41,9,9,144.22320308,54.23216369,51655.608,295.029630661011,294.017716725667,0.00589273700273907,0.360338157720436,81277.644,295.029630661011,293.252646128337,0.0122080996818745,0.606116642906119,109713.932,295.029630661011,293.252646128337,0.0426593706195781,0.698038320042052
2018-11-02,"E","2.00","LANDSAT_8",0.0299726744787399,0.0269465074590615,0.0573804313739793,0.0370665181382656,0.00276718294951443,0.00268221140697369,0,1,25,0,9,15.72,"1_LC08_018050_20181102",54.41,9,9,144.22320308,54.23216369,51655.608,295.029630661011,294.017716725667,0.00589273700273907,0.360338157720436,81277.644,295.029630661011,293.252646128337,0.0122080996818745,0.606116642906119,109713.932,295.029630661011,293.252646128337,0.0426593706195781,0.698038320042052
2018-12-04,"B","4.70","LANDSAT_8",0.0133248461357907,0.00585069147847988,0.0138936016471774,0.00924062628917116,0.0026687294146807,0.00203227584942023,0,1,25,0,427,434.44,"1_LC08_018050_20181204",41.59,9,9,148.7786919,47.21777608,59353.304,295.408690770467,294.506775538127,0.000680693984026703,0.606457700515103,99381.42,295.408690770467,294.506775538127,0.00074720084662161,0.56400575611233,126465.296,295.408690770467,292.927118301392,0.00730032893405408,0.599475305052564
2018-12-04,"E","5.60","LANDSAT_8",0.0179552230838559,0.00640116544938427,0.0141053441150805,0.0100200027612943,0.0025702975083714,0.00194271065749282,0,1,25,0,183,189.56,"1_LC08_018050_20181204",41.59,9,9,148.7786919,47.21777608,59353.304,295.408690770467,294.506775538127,0.000680693984026703,0.606457700515103,99381.42,295.408690770467,294.506775538127,0.00074720084662161,0.56400575611233,126465.296,295.408690770467,292.927118301392,0.00730032893405408,0.599475305052564
2018-12-04,"F","4.70","LANDSAT_8",0.0196880658832063,0.00864677444971351,0.0195635194097812,0.00990627924949593,0.00264411941042922,0.00205467021906394,0,1,26,0,318,325.423076923077,"1_LC08_018050_20181204",41.59,9,9,148.7786919,47.21777608,59353.304,295.408690770467,294.506775538127,0.000680693984026703,0.606457700515103,99381.42,295.408690770467,294.506775538127,0.00074720084662161,0.56400575611233,126465.296,295.408690770467,292.927118301392,0.00730032893405408,0.599475305052564
2018-12-04,"P","6.10","LANDSAT_8",0.0173346246356878,0.00675526629908785,0.0156071484603367,0.0114841224319005,0.00307498964846884,0.00217786121448665,0,1,26,0,162,169.615384615385,"1_LC08_018050_20181204",41.59,9,9,148.7786919,47.21777608,59353.304,295.408690770467,294.506775538127,0.000680693984026703,0.606457700515103,99381.42,295.408690770467,294.506775538127,0.00074720084662161,0.56400575611233,126465.296,295.408690770467,292.927118301392,0.00730032893405408,0.599475305052564
2018-12-04,"R","5.50","LANDSAT_8",0.020997528767981,0.00963391622082178,0.0197058917239931,0.0130825229960738,0.00339533267337685,0.00245797897432187,0,1,24,0,54,61.2083333333333,"1_LC08_018050_20181204",41.59,9,9,148.7786919,47.21777608,59353.304,295.408690770467,294.506775538127,0.000680693984026703,0.606457700515103,99381.42,295.408690770467,294.506775538127,0.00074720084662161,0.56400575611233,126465.296,295.408690770467,292.927118301392,0.00730032893405408,0.599475305052564
2019-02-06,"B","5.00","LANDSAT_8",0.021357880947354,0.00955489494012185,0.0200619557592492,0.0125927586395527,0.00343231003073471,0.0022338694081444,0,1,25,0,211,218.76,"1_LC08_018050_20190206",3.97,9,9,135.87667683,48.94049556,61290.892,293.729290008545,293.486640294393,0.00028295049804683,0.493429695114893,100016.382,293.729290008545,292.926995595296,0.000466190077247575,0.452140313386016,135904.582,293.729290008545,292.108043034871,0.000913367964187728,0.472849571299448
2019-02-06,"E","4.25","LANDSAT_8",0.0243759564302817,0.0109786068046728,0.0208103098445151,0.0120055749184948,0.0034569632920351,0.00250281563153429,0,1,25,0,231,237.8,"1_LC08_018050_20190206",3.97,9,9,135.87667683,48.94049556,61290.892,293.729290008545,293.486640294393,0.00028295049804683,0.493429695114893,100016.382,293.729290008545,292.926995595296,0.000466190077247575,0.452140313386016,135904.582,293.729290008545,292.108043034871,0.000913367964187728,0.472849571299448
2019-02-06,"F","5.00","LANDSAT_8",0.0254932403730549,0.0102070802430365,0.0224703670160243,0.0112235686352352,0.00327209678198745,0.00239073320348883,0,1,26,0,150,158.538461538462,"1_LC08_018050_20190206",3.97,9,9,135.87667683,48.94049556,61290.892,293.729290008545,293.486640294393,0.00028295049804683,0.493429695114893,100016.382,293.729290008545,292.926995595296,0.000466190077247575,0.452140313386016,135904.582,293.729290008545,292.108043034871,0.000913367964187728,0.472849571299448
2019-02-06,"P","5.00","LANDSAT_8",0.0232268869077922,0.0103059477654808,0.0188698905329065,0.0117773828715587,0.00302572638291697,0.00196510011247756,0,1,26,0,71,79.6923076923077,"1_LC08_018050_20190206",3.97,9,9,135.87667683,48.94049556,61290.892,293.729290008545,293.486640294393,0.00028295049804683,0.493429695114893,100016.382,293.729290008545,292.926995595296,0.000466190077247575,0.452140313386016,135904.582,293.729290008545,292.108043034871,0.000913367964187728,0.472849571299448
2019-02-06,"R","5.50","LANDSAT_8",0.0270723356211981,0.0102663991280571,0.0183190608452602,0.0122501640722051,0.00248418733249974,0.00168532023544679,0,1,24,0,213,220.208333333333,"1_LC08_018050_20190206",3.97,9,9,135.87667683,48.94049556,61290.892,293.729290008545,293.486640294393,0.00028295049804683,0.493429695114893,100016.382,293.729290008545,292.926995595296,0.000466190077247575,0.452140313386016,135904.582,293.729290008545,292.108043034871,0.000913367964187728,0.472849571299448
2019-03-26,"B","2.80","LANDSAT_8",0.0222756274495326,0.0130003488894466,0.0234898558492532,0.0119077675490363,0.00667339769143807,0.00578916610192926,0,1,25,0,178,185.16,"1_LC08_018050_20190326",30.52,9,9,112.69904059,61.3034811,73145.916,293.662233352661,292.987621943156,0.00080573558807373,1.04285823128835,115767.086,293.662233352661,292.987621943156,0.000942280610104262,1.19476940675972,154722.8869375,294.38178507487,292.987621943156,0.00286916740071774,1.18824912418032
2019-03-26,"E","3.00","LANDSAT_8",0.0297747049506785,0.0139537110645638,0.0232035274526523,0.0125601220530039,0.00751838776628195,0.00626401481129866,0,1,25,0,36,43.48,"1_LC08_018050_20190326",30.52,9,9,112.69904059,61.3034811,73145.916,293.662233352661,292.987621943156,0.00080573558807373,1.04285823128835,115767.086,293.662233352661,292.987621943156,0.000942280610104262,1.19476940675972,154722.8869375,294.38178507487,292.987621943156,0.00286916740071774,1.18824912418032
2019-03-26,"F","3.00","LANDSAT_8",0.0295437810353759,0.0133179973204253,0.0228100248301319,0.0109956783699049,0.00578040556437403,0.00494256966969578,0,1,26,0,55,63.8846153846154,"1_LC08_018050_20190326",30.52,9,9,112.69904059,61.3034811,73145.916,293.662233352661,292.987621943156,0.00080573558807373,1.04285823128835,115767.086,293.662233352661,292.987621943156,0.000942280610104262,1.19476940675972,154722.8869375,294.38178507487,292.987621943156,0.00286916740071774,1.18824912418032
2019-03-26,"P","3.00","LANDSAT_8",0.0269406659548928,0.0114538027494614,0.0232035274526523,0.00924062628917116,0.00751838776628195,0.0068300173761088,0.346153846153846,1,17,0,3,6.41176470588235,"1_LC08_018050_20190326",30.52,9,9,112.69904059,61.3034811,73145.916,293.662233352661,292.987621943156,0.00080573558807373,1.04285823128835,115767.086,293.662233352661,292.987621943156,0.000942280610104262,1.19476940675972,154722.8869375,294.38178507487,292.987621943156,0.00286916740071774,1.18824912418032
2019-04-11,"B","4.00","LANDSAT_8",0.0252959977862587,0.0154259280196473,0.0313754117322813,0.0114515469202005,0.0031365763341868,0.00292900899366859,0,1,25,0,1143,1149.68,"1_LC08_018050_20190411",21.36,9,9,101.07518246,64.58775369,64030.686,296.7681128184,294.222603480021,0.0253321038124632,0.531428394835975,110266.282,297.283924102783,294.222603480021,0.0256235329193437,0.588444964305396,156609.638,297.283924102783,294.222603480021,0.0265841133205136,0.630468236393776
2019-04-11,"E","5.00","LANDSAT_8",0.0256247532481068,0.0143910866959709,0.029133706590858,0.0124295936699998,0.00602828320124182,0.00522457650157411,0,1,25,0,725,732.48,"1_LC08_018050_20190411",21.36,9,9,101.07518246,64.58775369,64030.686,296.7681128184,294.222603480021,0.0253321038124632,0.531428394835975,110266.282,297.283924102783,294.222603480021,0.0256235329193437,0.588444964305396,156609.638,297.283924102783,294.222603480021,0.0265841133205136,0.630468236393776
2019-04-11,"F","2.40","LANDSAT_8",0.0283239083568943,0.0178196252362855,0.0341151107951442,0.012119703949326,0.00252108966591342,0.00235711446481581,0,1,26,0,1001,1009.57692307692,"1_LC08_018050_20190411",21.36,9,9,101.07518246,64.58775369,64030.686,296.7681128184,294.222603480021,0.0253321038124632,0.531428394835975,110266.282,297.283924102783,294.222603480021,0.0256235329193437,0.588444964305396,156609.638,297.283924102783,294.222603480021,0.0265841133205136,0.630468236393776
2019-04-11,"P","4.50","LANDSAT_8",0.0353299745510307,0.0238984967579483,0.0350610950774471,0.0212385419151346,0.0126714495841339,0.0102421589897277,0,1,26,0,593,600,"1_LC08_018050_20190411",21.36,9,9,101.07518246,64.58775369,64030.686,296.7681128184,294.222603480021,0.0253321038124632,0.531428394835975,110266.282,297.283924102783,294.222603480021,0.0256235329193437,0.588444964305396,156609.638,297.283924102783,294.222603480021,0.0265841133205136,0.630468236393776
2019-04-11,"R","4.00","LANDSAT_8",0.0348992049577832,0.0269465074590615,0.03801644906678,0.0337810643357109,0.00668581269488735,0.00355789188347822,0,1,24,0,305,312.708333333333,"1_LC08_018050_20190411",21.36,9,9,101.07518246,64.58775369,64030.686,296.7681128184,294.222603480021,0.0253321038124632,0.531428394835975,110266.282,297.283924102783,294.222603480021,0.0256235329193437,0.588444964305396,156609.638,297.283924102783,294.222603480021,0.0265841133205136,0.630468236393776
2019-05-13,"B","2.75","LANDSAT_8",0.0258220492864665,0.0152268060815651,0.0381810015983225,0.0208744415095428,0.00836494050201701,0.00678470891163489,0,1,25,0,337,345.24,"1_LC08_018050_20190513",24.64,9,9,76.9170103,66.66730704,65555.422,297.643059412638,297.016836802165,0.0136431217191557,0.268192398128405,112745.002,299.790537516276,297.016836802165,0.0206723784525202,0.324644102123468,157071.062,299.790537516276,297.016836802165,0.0240397309380747,0.460957945432822
2019-05-13,"E","2.50","LANDSAT_8",0.0254274892806852,0.00939687843385829,0.0332248801235854,0.0102475157996173,0.00325977505154983,0.00319841228034305,0,1,25,0,660,664,"1_LC08_018050_20190513",24.64,9,9,76.9170103,66.66730704,65555.422,297.643059412638,297.016836802165,0.0136431217191557,0.268192398128405,112745.002,299.790537516276,297.016836802165,0.0206723784525202,0.324644102123468,157071.062,299.790537516276,297.016836802165,0.0240397309380747,0.460957945432822
2019-05-13,"F","3.00","LANDSAT_8",0.0256905150307891,0.0125241367943416,0.0371942646177019,0.0156686183398374,0.00689691945921657,0.00578916610192926,0,1,26,0,529,536.615384615385,"1_LC08_018050_20190513",24.64,9,9,76.9170103,66.66730704,65555.422,297.643059412638,297.016836802165,0.0136431217191557,0.268192398128405,112745.002,299.790537516276,297.016836802165,0.0206723784525202,0.324644102123468,157071.062,299.790537516276,297.016836802165,0.0240397309380747,0.460957945432822
2019-05-13,"P","2.75","LANDSAT_8",0.0265786478684533,0.00971294618656715,0.0357167610856257,0.0101662510387785,0.00303804169238639,0.00308613940926233,0,1,26,0,715,722.384615384615,"1_LC08_018050_20190513",24.64,9,9,76.9170103,66.66730704,65555.422,297.643059412638,297.016836802165,0.0136431217191557,0.268192398128405,112745.002,299.790537516276,297.016836802165,0.0206723784525202,0.324644102123468,157071.062,299.790537516276,297.016836802165,0.0240397309380747,0.460957945432822
2019-05-13,"R","2.50","LANDSAT_8",0.0261180534770152,0.0118500382088681,0.0377971056537669,0.0161773323725485,0.00458011669840857,0.00383895417933499,0,1,24,0,561,567.875,"1_LC08_018050_20190513",24.64,9,9,76.9170103,66.66730704,65555.422,297.643059412638,297.016836802165,0.0136431217191557,0.268192398128405,112745.002,299.790537516276,297.016836802165,0.0206723784525202,0.324644102123468,157071.062,299.790537516276,297.016836802165,0.0240397309380747,0.460957945432822
2019-05-29,"B","1.75","LANDSAT_8",0.0234566135080695,0.0214248270754207,0.0295308945200984,0.0201468927621861,0.0102879103060594,0.00805520365799653,0,1,25,0,168,174.4,"1_LC08_018050_20190529",61.68,9,9,69.11759039,65.9108872,53288.764,295.681794484456,294.036909739176,0.0246693074702762,0.354710969613794,87247.688,295.681794484456,294.036909739176,0.0438867107410452,0.623843016814012,111180.208,295.681794484456,293.774806976318,0.0820460235474307,0.632343754019839
2019-05-29,"E","1.50","LANDSAT_8",0.0405109529785299,0.0340181924072587,0.0411128139950758,0.0303108886731542,0.0189257469563158,0.0145808183122771,0,1,25,0,291,299.16,"1_LC08_018050_20190529",61.68,9,9,69.11759039,65.9108872,53288.764,295.681794484456,294.036909739176,0.0246693074702762,0.354710969613794,87247.688,295.681794484456,294.036909739176,0.0438867107410452,0.623843016814012,111180.208,295.681794484456,293.774806976318,0.0820460235474307,0.632343754019839
2019-05-29,"F","1.50","LANDSAT_8",0.0332438019334535,0.0283839559813186,0.0355527867627176,0.0237434603543928,0.0110518222164221,0.00824838341829208,0,1,26,0,373,380.230769230769,"1_LC08_018050_20190529",61.68,9,9,69.11759039,65.9108872,53288.764,295.681794484456,294.036909739176,0.0246693074702762,0.354710969613794,87247.688,295.681794484456,294.036909739176,0.0438867107410452,0.623843016814012,111180.208,295.681794484456,293.774806976318,0.0820460235474307,0.632343754019839
2019-05-29,"P","2.00","LANDSAT_8",0.028093258826285,0.0256531241759151,0.0337152740516988,0.0235938736178941,0.0138551851787321,0.0109279047072589,0,1,26,0,338,345.346153846154,"1_LC08_018050_20190529",61.68,9,9,69.11759039,65.9108872,53288.764,295.681794484456,294.036909739176,0.0246693074702762,0.354710969613794,87247.688,295.681794484456,294.036909739176,0.0438867107410452,0.623843016814012,111180.208,295.681794484456,293.774806976318,0.0820460235474307,0.632343754019839
2019-05-29,"R","2.10","LANDSAT_8",0.0321524559693358,0.0238179230253762,0.0324083278549091,0.0242756189027177,0.00906327492595592,0.00621876778006193,0,1,24,0,344,352.083333333333,"1_LC08_018050_20190529",61.68,9,9,69.11759039,65.9108872,53288.764,295.681794484456,294.036909739176,0.0246693074702762,0.354710969613794,87247.688,295.681794484456,294.036909739176,0.0438867107410452,0.623843016814012,111180.208,295.681794484456,293.774806976318,0.0820460235474307,0.632343754019839
2019-07-16,"B","2.00","LANDSAT_8",0.00731925905747397,0.0130797479696231,0.0165984513207073,0.0184306882045299,0.00872644566581743,0.00653560020655753,0,1,18,0,135,144.555555555556,"1_LC08_018050_20190716",50.8,9,9,70.79836532,64.07856102,65206.648,297.190846761068,295.861461639404,0.00699823200701033,0.794019770384036,112927.042,297.20955657959,295.861461639404,0.00702104866492803,0.822546386267894,161918.716,297.20955657959,295.861461639404,0.0106655815734094,0.758974755959892
2019-08-01,"B","2.00","LANDSAT_8",0.0303026949609272,0.0110577844161907,0.0322451330429007,0.00950030348212427,0.00328441885037075,0.00322087054055341,0,1,25,0,80,87.4,"1_LC08_018050_20190801",29.53,9,9,78.49507055,64.47878328,61856,296.022654851278,295.615063985189,0.00452472470965404,1.05130602111036,101342.77,296.022654851278,294.737205505371,0.010009597766043,1.06079086511691,147253.5,296.193031311035,294.737205505371,0.012304330855784,1.05770105459146
2019-09-10,"B","2.00","LANDSAT_7",0.0237125,0.0199175,0.0287175,0.0289375,0.01494,0.0105675,0,1,24,0,404,411.916666666667,"2_LE07_018050_20190910",24,9,NA,106.7106638,61.24812868,63107.27,295.926375071208,295.558167139689,0.00699034631251294,0.476606058385877,99744.42,295.926375071208,294.74121983846,0.0256048440933014,0.562503783900892,147395.982,297.316012064616,294.74121983846,0.0272291195143985,0.589396214906351
2019-09-10,"E","2.50","LANDSAT_7",0.02895125,0.02449625,0.03541375,0.03640375,0.01597125,0.01054,0,1,14,0,266,273.285714285714,"2_LE07_018050_20190910",24,9,NA,106.7106638,61.24812868,63107.27,295.926375071208,295.558167139689,0.00699034631251294,0.476606058385877,99744.42,295.926375071208,294.74121983846,0.0256048440933014,0.562503783900892,147395.982,297.316012064616,294.74121983846,0.0272291195143985,0.589396214906351
2019-09-10,"F","1.90","LANDSAT_7",0.020935,0.01626,0.028415,0.02105875,0.00569999999999998,0.00572749999999999,0,1,26,0,406,414.230769230769,"2_LE07_018050_20190910",24,9,NA,106.7106638,61.24812868,63107.27,295.926375071208,295.558167139689,0.00699034631251294,0.476606058385877,99744.42,295.926375071208,294.74121983846,0.0256048440933014,0.562503783900892,147395.982,297.316012064616,294.74121983846,0.0272291195143985,0.589396214906351
2019-09-10,"P","2.50","LANDSAT_7",0.02174625,0.01624625,0.0282225,0.0237675,0.00990749999999998,0.00800999999999999,0,1,24,0,109,117,"2_LE07_018050_20190910",24,9,NA,106.7106638,61.24812868,63107.27,295.926375071208,295.558167139689,0.00699034631251294,0.476606058385877,99744.42,295.926375071208,294.74121983846,0.0256048440933014,0.562503783900892,147395.982,297.316012064616,294.74121983846,0.0272291195143985,0.589396214906351
2019-09-26,"B","2.00","LANDSAT_7",0.031715,0.0205225,0.040075,0.0199175,0.00625,0.00498499999999998,0,1,25,0,361,368.36,"2_LE07_018050_20190926",46,9,NA,119.02349967,59.56655476,60785.0734375,295.740936279297,295.287110010783,0.033522036671588,0.15095616026661,100933.7684375,295.939265569051,295.287110010783,0.0423204753626187,0.200552035445096,139029.0724375,295.939265569051,295.287110010783,0.0456801239478359,0.334797747613157
2019-09-26,"F","2.75","LANDSAT_7",0.02301125,0.01164,0.0320175,0.010705,0.00239999999999999,0.00239999999999998,0,1,26,0,227,234.692307692308,"2_LE07_018050_20190926",46,9,NA,119.02349967,59.56655476,60785.0734375,295.740936279297,295.287110010783,0.033522036671588,0.15095616026661,100933.7684375,295.939265569051,295.287110010783,0.0423204753626187,0.200552035445096,139029.0724375,295.939265569051,295.287110010783,0.0456801239478359,0.334797747613157
2019-09-26,"P","2.50","LANDSAT_7",0.028525,0.01802,0.03478125,0.01901,0.00422874999999998,0.00267499999999998,0,1,26,0,109,117.115384615385,"2_LE07_018050_20190926",46,9,NA,119.02349967,59.56655476,60785.0734375,295.740936279297,295.287110010783,0.033522036671588,0.15095616026661,100933.7684375,295.939265569051,295.287110010783,0.0423204753626187,0.200552035445096,139029.0724375,295.939265569051,295.287110010783,0.0456801239478359,0.334797747613157
2019-11-13,"B","2.00","LANDSAT_7",0.019945,0.00902749999999999,0.0162325,0.0128775,0.00201499999999998,0.00256499999999998,0,1,21,0,52,59.6190476190476,"2_LE07_018050_20191113",32,9,NA,141.92539727,49.20682937,45692.08,293.620827992757,293.382895787557,0.00951827764506064,0.600063419791229,68405.052,293.620827992757,292.861565272013,0.0208376079796331,0.809512345387503,92346.9,293.743398030599,292.861565272013,0.0374316334721989,0.90309125564394
2019-11-13,"F","2.00","LANDSAT_7",0.0157925,0.00631874999999999,0.01285,0.00778999999999999,0.0019875,0.00256499999999998,0,1,22,0,28,35.4090909090909,"2_LE07_018050_20191113",32,9,NA,141.92539727,49.20682937,45692.08,293.620827992757,293.382895787557,0.00951827764506064,0.600063419791229,68405.052,293.620827992757,292.861565272013,0.0208376079796331,0.809512345387503,92346.9,293.743398030599,292.861565272013,0.0374316334721989,0.90309125564394
2019-11-13,"P","2.50","LANDSAT_7",0.0139775,0.00459999999999999,0.00855999999999998,0.0081475,0.00212499999999998,-0.00023999999999999,0,1,26,0,213,218.230769230769,"2_LE07_018050_20191113",32,9,NA,141.92539727,49.20682937,45692.08,293.620827992757,293.382895787557,0.00951827764506064,0.600063419791229,68405.052,293.620827992757,292.861565272013,0.0208376079796331,0.809512345387503,92346.9,293.743398030599,292.861565272013,0.0374316334721989,0.90309125564394
2020-01-16,"R","2.50","LANDSAT_7",0.02103125,0.005975,0.0205225,0.0021525,0.003555,0.00330749999999999,0,1,24,0,98,105.541666666667,"2_LE07_018050_20200116",58,9,NA,137.53083936,42.53287875,45636.276,292.931762695312,292.316420237223,0.0084327021000945,0.979491034676298,76362.112,293.215279897054,292.316420237223,0.0115793117639669,0.834025301745629,105027.744,293.260744094849,292.316420237223,0.0133370974418767,0.75730841046216
2020-02-17,"R","2.00","LANDSAT_7",0.023685,0.014335,0.03577125,0.00978374999999999,0.00257874999999999,0.00135499999999999,0,1,24,0,193,199.791666666667,"2_LE07_018050_20200217",23,9,NA,126.70930797,47.39130373,55290.354,293.671428044637,292.983140945435,0.00840281184454028,1.09433580804067,97146.358,294.847156524658,292.983140945435,0.00847926672232546,0.920764735946066,139706.954,294.847156524658,292.983140945435,0.00850545382078138,0.805297494110521
2020-03-04,"B","2.25","LANDSAT_7",0.020825,0.0142525,0.0331725,0.012025,0.000805,0.00173999999999999,0,1,25,0,211,218.76,"2_LE07_018050_20200304",1,9,NA,119.59408382,51.09815933,74325.1175649414,295.865632375081,294.094213485718,3.61782223876617e-05,0.557465452983393,90395.7655649414,295.865632375081,288.8858350118,0.00518266205364171,0.748828358121348,98158.1735649414,295.865632375081,288.622073491414,0.0247675294117471,0.887269801351389
2020-03-04,"F","2.25","LANDSAT_7",0.0216225,0.0140875,0.03274625,0.01613625,0.003335,0.0017675,0,1,26,0,365,372.769230769231,"2_LE07_018050_20200304",1,9,NA,119.59408382,51.09815933,74325.1175649414,295.865632375081,294.094213485718,3.61782223876617e-05,0.557465452983393,90395.7655649414,295.865632375081,288.8858350118,0.00518266205364171,0.748828358121348,98158.1735649414,295.865632375081,288.622073491414,0.0247675294117471,0.887269801351389
2020-03-04,"P","2.00","LANDSAT_7",0.02383625,0.0167825,0.03566125,0.0168375,0.00480624999999999,0.00190499999999999,0,1,18,0,250,256.444444444444,"2_LE07_018050_20200304",1,9,NA,119.59408382,51.09815933,74325.1175649414,295.865632375081,294.094213485718,3.61782223876617e-05,0.557465452983393,90395.7655649414,295.865632375081,288.8858350118,0.00518266205364171,0.748828358121348,98158.1735649414,295.865632375081,288.622073491414,0.0247675294117471,0.887269801351389
2020-03-04,"R","2.75","LANDSAT_7",0.01989,0.0105675,0.02495,0.012135,0.00336249999999999,0.00179499999999999,0,1,21,0,312,317.666666666667,"2_LE07_018050_20200304",1,9,NA,119.59408382,51.09815933,74325.1175649414,295.865632375081,294.094213485718,3.61782223876617e-05,0.557465452983393,90395.7655649414,295.865632375081,288.8858350118,0.00518266205364171,0.748828358121348,98158.1735649414,295.865632375081,288.622073491414,0.0247675294117471,0.887269801351389
2020-07-02,"F","2.25","LANDSAT_8",0.0250330575586567,0.0326923391688225,0.041296456777971,0.026392157275286,0.0109265045795548,0.00799840297557924,0,1,26,0,331,339.192307692308,"1_LC08_018050_20200702",68.82,9,9,66.96112143,64.09450113,63105.212,295.672780990601,295.072640736898,0.00597801160917655,0.566152172042361,96843.88,295.672780990601,295.072640736898,0.00777972223126611,0.582631655907433,142551.016,296.170739491781,295.072640736898,0.00948858143651066,0.627076770769718
2020-07-02,"R","3.25","LANDSAT_8",0.0509379496961527,0.0324885653032771,0.0417190157795986,0.0316731017537433,0.0109891591736673,0.00643373494961792,0,1,24,0,305,312.5,"1_LC08_018050_20200702",68.82,9,9,66.96112143,64.09450113,63105.212,295.672780990601,295.072640736898,0.00597801160917655,0.566152172042361,96843.88,295.672780990601,295.072640736898,0.00777972223126611,0.582631655907433,142551.016,296.170739491781,295.072640736898,0.00948858143651066,0.627076770769718
2020-07-18,"E","3.00","LANDSAT_8",0.0279285358873458,0.015545427237633,0.0344606097061889,0.0111584481492597,0.00717026142705145,0.00644505208283534,0,1,25,0,74,81.44,"1_LC08_018050_20200718",31.42,9,9,71.89977258,64.09312504,62882.292,295.185476938883,294.72100575765,0.009954226016891,0.830119784430508,102492.438,295.610359827677,294.72100575765,0.0197679672263398,0.755052248853063,148735.246,295.946659723918,294.72100575765,0.0208564195654439,0.745556171719001
2020-07-18,"R","3.20","LANDSAT_8",0.0186742125382689,0.00955489494012187,0.0271512219197061,0.00838126672987448,0.00535932381584635,0.00488619134078405,0,1,24,0,56,63.9583333333333,"1_LC08_018050_20200718",31.42,9,9,71.89977258,64.09312504,62882.292,295.185476938883,294.72100575765,0.009954226016891,0.830119784430508,102492.438,295.610359827677,294.72100575765,0.0197679672263398,0.755052248853063,148735.246,295.946659723918,294.72100575765,0.0208564195654439,0.745556171719001
2020-08-19,"E","3.50","LANDSAT_8",0.0203098830270252,0.00955489494012185,0.0289893317236144,0.00862435371175212,0.00166082770224743,0.00180839972954401,0,1,25,0,123,130.04,"1_LC08_018050_20200819",36.48,9,9,91.45777395,65.01146133,55397.284,294.921978632609,294.36137453715,0.0200048704046836,0.36475241214953,93876.298,295.122004826864,294.36137453715,0.0297544915575614,0.470703893956577,131514.296,295.454847335815,294.36137453715,0.0406424210561696,0.583683131578818
2020-08-19,"F","3.00","LANDSAT_8",0.0390474562932273,0.0171605792902895,0.0293864358958839,0.0132785419067844,0.0028287273920206,0.00197629530071921,0,1,26,0,268,273.230769230769,"1_LC08_018050_20200819",36.48,9,9,91.45777395,65.01146133,55397.284,294.921978632609,294.36137453715,0.0200048704046836,0.36475241214953,93876.298,295.122004826864,294.36137453715,0.0297544915575614,0.470703893956577,131514.296,295.454847335815,294.36137453715,0.0406424210561696,0.583683131578818
2020-08-19,"P","3.00","LANDSAT_8",0.0328137619540496,0.0184192708749598,0.0391691262796657,0.0306805810200493,0.00428362870707062,0.00248039668859571,0,1,26,0,18,25.0384615384615,"1_LC08_018050_20200819",36.48,9,9,91.45777395,65.01146133,55397.284,294.921978632609,294.36137453715,0.0200048704046836,0.36475241214953,93876.298,295.122004826864,294.36137453715,0.0297544915575614,0.470703893956577,131514.296,295.454847335815,294.36137453715,0.0406424210561696,0.583683131578818
2020-08-19,"R","3.00","LANDSAT_8",0.0232268869077922,0.00701111517894251,0.0234898558492532,0.0057139787638134,0.00137853163282027,0.00181959061745906,0,1,24,0,100,106.791666666667,"1_LC08_018050_20200819",36.48,9,9,91.45777395,65.01146133,55397.284,294.921978632609,294.36137453715,0.0200048704046836,0.36475241214953,93876.298,295.122004826864,294.36137453715,0.0297544915575614,0.470703893956577,131514.296,295.454847335815,294.36137453715,0.0406424210561696,0.583683131578818
2020-10-06,"E","2.90","LANDSAT_8",0.0063806070413558,0.00675526629908784,0.0251027230844019,0.0129192233025897,0.0125456959973208,0.0111109569889749,0,1,25,0,38,44.8,"1_LC08_018050_20201006",43.95,9,9,131.30320684,60.68112074,33705.517375,294.116717656453,292.618118286133,0.0141556143759658,0.915708861719731,63221.57375,294.429192225138,292.618118286133,0.0253661870955284,0.781187629693546,97540.630125,294.637199401855,292.618118286133,0.0478273361919719,0.729653722339894
2020-10-22,"E","4.25","LANDSAT_8",0.0216200229649393,0.0133577131449737,0.0365372109088007,0.0233944812199469,0.0137291139229661,0.0110880711534338,0,1,25,0,186,192.88,"1_LC08_018050_20201022",43.21,9,9,140.33413636,56.95554488,46976.274,295.008586883545,293.810785293579,0.00772978067387697,0.400361866031206,70279.72,295.008586883545,293.219774881999,0.0191729841212904,0.606391815879264,99132.646,295.008586883545,293.219774881999,0.0331278138886759,0.642508847172808
2020-10-22,"F","4.50","LANDSAT_8",-7.24544586508807e-05,0.000330358658593895,0.0220415711268355,0.0122012381580271,0.00943781860301187,0.00795296795863675,0,1,26,0,235,243.230769230769,"1_LC08_018050_20201022",43.21,9,9,140.33413636,56.95554488,46976.274,295.008586883545,293.810785293579,0.00772978067387697,0.400361866031206,70279.72,295.008586883545,293.219774881999,0.0191729841212904,0.606391815879264,99132.646,295.008586883545,293.219774881999,0.0331278138886759,0.642508847172808
2020-10-22,"P","4.25","LANDSAT_8",0.0195244832442913,0.0077200985324391,0.0302717230025915,0.0152095056372791,0.0123445605511242,0.0106763362153651,0,1,26,0,140,148.307692307692,"1_LC08_018050_20201022",43.21,9,9,140.33413636,56.95554488,46976.274,295.008586883545,293.810785293579,0.00772978067387697,0.400361866031206,70279.72,295.008586883545,293.219774881999,0.0191729841212904,0.606391815879264,99132.646,295.008586883545,293.219774881999,0.0331278138886759,0.642508847172808
2021-01-26,"E","5.50","LANDSAT_8",0.0146925234424633,0.00848895769949503,0.0114283363445796,0.0112561315727016,0.00249648777235861,0.00151754445908409,0,1,25,0,421,429.52,"1_LC08_018050_20210126",21.95,9,9,139.38250751,47.06015367,57187.544,293.45219039917,292.827366511027,0.000111508369343483,0.481307603581036,88345.5,293.45219039917,292.196875890096,0.000833338498864578,0.416735354789871,110026.952,293.45219039917,291.468823115031,0.0152957201001982,0.64798787299839
2021-01-26,"F","5.50","LANDSAT_8",0.0157356180726884,0.00914017570547393,0.0137877561113874,0.0119403682092034,0.00232431236739262,0.00129395093209887,0,1,26,0,365,372.769230769231,"1_LC08_018050_20210126",21.95,9,9,139.38250751,47.06015367,57187.544,293.45219039917,292.827366511027,0.000111508369343483,0.481307603581036,88345.5,293.45219039917,292.196875890096,0.000833338498864578,0.416735354789871,110026.952,293.45219039917,291.468823115031,0.0152957201001982,0.64798787299839
2021-01-26,"P","6.00","LANDSAT_8",0.0153443506832267,0.00785803810043877,0.0110593510444133,0.0110282287331377,0.00245958746661908,0.00149517957739421,0,1,26,0,208,216.153846153846,"1_LC08_018050_20210126",21.95,9,9,139.38250751,47.06015367,57187.544,293.45219039917,292.827366511027,0.000111508369343483,0.481307603581036,88345.5,293.45219039917,292.196875890096,0.000833338498864578,0.416735354789871,110026.952,293.45219039917,291.468823115031,0.0152957201001982,0.64798787299839
2021-01-26,"R","2.50","LANDSAT_8",0.0173346246356878,0.0101675370337661,0.0113404636660076,0.0115655690700463,0.00223824950391818,0.00141691216721454,0,1,24,0,302,309.125,"1_LC08_018050_20210126",21.95,9,9,139.38250751,47.06015367,57187.544,293.45219039917,292.827366511027,0.000111508369343483,0.481307603581036,88345.5,293.45219039917,292.196875890096,0.000833338498864578,0.416735354789871,110026.952,293.45219039917,291.468823115031,0.0152957201001982,0.64798787299839
2021-02-11,"E","5.00","LANDSAT_8",0.021423411106594,0.00912043314145945,0.015801750881812,0.0114189732048196,0.00269334077071498,0.00174126085254365,0,1,25,0,381,388.24,"1_LC08_018050_20210211",8.66,9,9,133.98320655,50.2098433,65369.488,293.446627934774,292.931741714478,8.23020934817009e-05,0.212869623437517,106783.54,294.060117085775,292.931741714478,0.00036515215995081,0.201517455592355,152266.024,294.060117085775,292.595631917318,0.000369728488657017,0.290147737976204
2021-02-11,"F","5.50","LANDSAT_8",0.0236207306626208,0.010939021255806,0.0206142312064275,0.0118588699268839,0.0024472880405973,0.00160701627249099,0,1,26,0,366,373.692307692308,"1_LC08_018050_20210211",8.66,9,9,133.98320655,50.2098433,65369.488,293.446627934774,292.931741714478,8.23020934817009e-05,0.212869623437517,106783.54,294.060117085775,292.931741714478,0.00036515215995081,0.201517455592355,152266.024,294.060117085775,292.595631917318,0.000369728488657017,0.290147737976204
2021-02-11,"P","5.50","LANDSAT_8",0.0290490910658131,0.0118500382088681,0.0186388417587371,0.0125274872627742,0.00268103492372499,0.00151754445908409,0,1,26,0,444,451.653846153846,"1_LC08_018050_20210211",8.66,9,9,133.98320655,50.2098433,65369.488,293.446627934774,292.931741714478,8.23020934817009e-05,0.212869623437517,106783.54,294.060117085775,292.931741714478,0.00036515215995081,0.201517455592355,152266.024,294.060117085775,292.595631917318,0.000369728488657017,0.290147737976204
2021-02-11,"R","6.00","LANDSAT_8",0.0242445789658577,0.00874542756009861,0.0165453079769258,0.0112072878401217,0.0024226902023908,0.00158464647614214,0,1,24,0,302,309.75,"1_LC08_018050_20210211",8.66,9,9,133.98320655,50.2098433,65369.488,293.446627934774,292.931741714478,8.23020934817009e-05,0.212869623437517,106783.54,294.060117085775,292.931741714478,0.00036515215995081,0.201517455592355,152266.024,294.060117085775,292.595631917318,0.000369728488657017,0.290147737976204
2021-02-27,"E","3.75","LANDSAT_8",0.0228659761595792,0.0142717763777236,0.0215238084836422,0.0131151883237278,0.00362957397105554,0.00250281563153429,0,1,25,0,381,388.48,"1_LC08_018050_20210227",11.03,9,9,127.40010153,54.27965783,57326.654,293.900639851888,292.659096399943,0.00705700619681693,0.822294453868267,92168.66,293.900639851888,292.082818349202,0.0115188787743818,0.918163869932922,121536.17,293.900639851888,290.316995620728,0.0125362154961977,0.863608589545297
2021-02-27,"F","4.00","LANDSAT_8",0.0295767674935552,0.018559258485237,0.0289171557113977,0.0204774889591124,0.00448126573943812,0.00254765720340568,0,1,26,0,365,372.769230769231,"1_LC08_018050_20210227",11.03,9,9,127.40010153,54.27965783,57326.654,293.900639851888,292.659096399943,0.00705700619681693,0.822294453868267,92168.66,293.900639851888,292.082818349202,0.0115188787743818,0.918163869932922,121536.17,293.900639851888,290.316995620728,0.0125362154961977,0.863608589545297
2021-02-27,"P","4.00","LANDSAT_8",0.0213251172040232,0.0127225205035615,0.0210064460655201,0.0122175463470067,0.00297646852449621,0.00196510011247756,0,1,26,0,334,342.615384615385,"1_LC08_018050_20210227",11.03,9,9,127.40010153,54.27965783,57326.654,293.900639851888,292.659096399943,0.00705700619681693,0.822294453868267,92168.66,293.900639851888,292.082818349202,0.0115188787743818,0.918163869932922,121536.17,293.900639851888,290.316995620728,0.0125362154961977,0.863608589545297
2021-02-27,"R","3.50","LANDSAT_8",0.0178898817868075,0.011255766442059,0.0167579070502132,0.0119892725675523,0.00274256753813185,0.00189793543351757,0,1,24,0,302,309.666666666667,"1_LC08_018050_20210227",11.03,9,9,127.40010153,54.27965783,57326.654,293.900639851888,292.659096399943,0.00705700619681693,0.822294453868267,92168.66,293.900639851888,292.082818349202,0.0115188787743818,0.918163869932922,121536.17,293.900639851888,290.316995620728,0.0125362154961977,0.863608589545297
2021-03-15,"E","4.50","LANDSAT_8",0.0270723356211981,0.0161432164478448,0.0249592010154075,0.0169165561528918,0.00687207830011009,0.00511175073135882,0,1,25,0,350,357.6,"1_LC08_018050_20210315",27.09,9,9,119.22231345,58.66157783,64614.437625,293.811262130737,292.658934911092,0.00447458130878431,0.590772050630374,102612.0156875,293.811262130737,292.278946558634,0.010894990988163,0.762267115773656,115413.873,293.811262130737,290.340440750122,0.0225113521293565,0.875427189552135
2021-03-15,"F","4.30","LANDSAT_8",0.0418095850782497,0.0200006748149151,0.0296211966267186,0.0169987482634568,0.0047037108122341,0.00290656670609986,0,1,26,0,365,372.769230769231,"1_LC08_018050_20210315",27.09,9,9,119.22231345,58.66157783,64614.437625,293.811262130737,292.658934911092,0.00447458130878431,0.590772050630374,102612.0156875,293.811262130737,292.278946558634,0.010894990988163,0.762267115773656,115413.873,293.811262130737,290.340440750122,0.0225113521293565,0.875427189552135
2021-03-15,"P","3.50","LANDSAT_8",0.0213906455815443,0.0120482373608725,0.0201510015113058,0.0133275567387569,0.00443184837064959,0.00310859152614899,0,1,26,0,259,267.076923076923,"1_LC08_018050_20210315",27.09,9,9,119.22231345,58.66157783,64614.437625,293.811262130737,292.658934911092,0.00447458130878431,0.590772050630374,102612.0156875,293.811262130737,292.278946558634,0.010894990988163,0.762267115773656,115413.873,293.811262130737,290.340440750122,0.0225113521293565,0.875427189552135
2021-03-15,"R","4.50","LANDSAT_8",0.0236535567661093,0.0103652747927315,0.0172010418862232,0.012331716244097,0.0034569632920351,0.0026373550911254,0,1,24,0,280,287.083333333333,"1_LC08_018050_20210315",27.09,9,9,119.22231345,58.66157783,64614.437625,293.811262130737,292.658934911092,0.00447458130878431,0.590772050630374,102612.0156875,293.811262130737,292.278946558634,0.010894990988163,0.762267115773656,115413.873,293.811262130737,290.340440750122,0.0225113521293565,0.875427189552135
2021-03-31,"E","2.50","LANDSAT_8",0.0447782044614355,0.0303928534020302,0.0582823610470483,0.0190242093393101,0.0106133583386279,0.00853263256332725,0,1,25,0,23,30.28,"1_LC08_018050_20210331",40.65,9,9,108.96874073,62.62907021,65672.064,294.97979036967,294.452545801799,0.00205767914638955,0.945553996572145,116647.094,295.600870768229,294.452545801799,0.00206990950715635,0.875412256121887,169630.028,296.754841486613,294.452545801799,0.00207326226832905,0.877366322955894
2021-03-31,"F","2.00","LANDSAT_8",0.0432429807989495,0.0271487994387289,0.0616554755769181,0.013147855447701,0.00303804169238638,0.00224507196837451,0,1,26,0,234,242.576923076923,"1_LC08_018050_20210331",40.65,9,9,108.96874073,62.62907021,65672.064,294.97979036967,294.452545801799,0.00205767914638955,0.945553996572145,116647.094,295.600870768229,294.452545801799,0.00206990950715635,0.875412256121887,169630.028,296.754841486613,294.452545801799,0.00207326226832905,0.877366322955894
2021-03-31,"P","3.00","LANDSAT_8",0.0307648733003675,0.016302709411833,0.0327892656555376,0.0116470269351865,0.0035555898550644,0.00265978263471718,0.5,1,13,0,12,14.3076923076923,"1_LC08_018050_20210331",40.65,9,9,108.96874073,62.62907021,65672.064,294.97979036967,294.452545801799,0.00205767914638955,0.945553996572145,116647.094,295.600870768229,294.452545801799,0.00206990950715635,0.875412256121887,169630.028,296.754841486613,294.452545801799,0.00207326226832905,0.877366322955894
2021-03-31,"R","2.75","LANDSAT_8",0.0378845428157577,0.0189593696461708,0.0401219653086105,0.0126906791771134,0.00346929042960383,0.00248039668859572,0,1,24,0,220,227.083333333333,"1_LC08_018050_20210331",40.65,9,9,108.96874073,62.62907021,65672.064,294.97979036967,294.452545801799,0.00205767914638955,0.945553996572145,116647.094,295.600870768229,294.452545801799,0.00206990950715635,0.875412256121887,169630.028,296.754841486613,294.452545801799,0.00207326226832905,0.877366322955894
2021-04-16,"E","1.25","LANDSAT_8",0.0413099508390512,0.0400026257303041,0.0954163788924069,0.0235938736178941,0.0104631231669272,0.00835069099453936,0,1,25,0,556,563.32,"1_LC08_018050_20210416",26.14,9,9,96.73216423,65.43996591,66510.198,297.389561971029,296.658260981242,0.000702118994979628,0.452412246194844,114076.934,297.797009150187,296.658260981242,0.0015935011521897,0.489706454606849,166009.414,297.797009150187,296.658260981242,0.00186933952723578,0.671071018666627
2021-04-16,"F","1.50","LANDSAT_8",0.0481556349281256,0.0441282591786212,0.092404920170648,0.0329032995482078,0.0159909009987782,0.0123600932278063,0,1,26,0,365,372.769230769231,"1_LC08_018050_20210416",26.14,9,9,96.73216423,65.43996591,66510.198,297.389561971029,296.658260981242,0.000702118994979628,0.452412246194844,114076.934,297.797009150187,296.658260981242,0.0015935011521897,0.489706454606849,166009.414,297.797009150187,296.658260981242,0.00186933952723578,0.671071018666627
2021-04-16,"P","1.15","LANDSAT_8",0.0462484431706306,0.0453080405623489,0.0972918448893898,0.026342076777018,0.0130363260941823,0.0106077524286264,0,1,26,0,589,595.923076923077,"1_LC08_018050_20210416",26.14,9,9,96.73216423,65.43996591,66510.198,297.389561971029,296.658260981242,0.000702118994979628,0.452412246194844,114076.934,297.797009150187,296.658260981242,0.0015935011521897,0.489706454606849,166009.414,297.797009150187,296.658260981242,0.00186933952723578,0.671071018666627
2021-04-16,"R","1.25","LANDSAT_8",0.0808490087895633,0.065782844902927,0.117294143030443,0.0449243200017641,0.016459771663321,0.0103563731511031,0,1,24,0,302,309.75,"1_LC08_018050_20210416",26.14,9,9,96.73216423,65.43996591,66510.198,297.389561971029,296.658260981242,0.000702118994979628,0.452412246194844,114076.934,297.797009150187,296.658260981242,0.0015935011521897,0.489706454606849,166009.414,297.797009150187,296.658260981242,0.00186933952723578,0.671071018666627
2021-05-02,"E","1.75","LANDSAT_8",0.0425760802172425,0.0283231633526501,0.0765897279457762,0.00872161679652874,0.00249648777235861,0.00299634322836315,0,1,25,0,432,439.8,"1_LC08_018050_20210502",30.75,9,9,84.114883,66.65151241,69514.89,298.182403564453,297.422180175781,0.00191165804852744,0.427314601110605,118654.322,298.207895278931,297.189296086629,0.00201910734155675,0.459483901801016,165900.89,298.207895278931,296.641359329224,0.00210155480694496,0.570370014164108
2021-05-02,"F","1.75","LANDSAT_8",0.0317227981686118,0.0234554487062389,0.0697635268563018,0.00791158507780465,0.00206617345498637,0.00267099686726234,0,1,26,0,388,395.576923076923,"1_LC08_018050_20210502",30.75,9,9,84.114883,66.65151241,69514.89,298.182403564453,297.422180175781,0.00191165804852744,0.427314601110605,118654.322,298.207895278931,297.189296086629,0.00201910734155675,0.459483901801016,165900.89,298.207895278931,296.641359329224,0.00210155480694496,0.570370014164108
2021-05-02,"P","1.75","LANDSAT_8",0.0481891202675655,0.0336303980964892,0.0803156613609085,0.0140796236085698,0.00646239433849134,0.00601521695840141,0,1,26,0,531,538.692307692308,"1_LC08_018050_20210502",30.75,9,9,84.114883,66.65151241,69514.89,298.182403564453,297.422180175781,0.00191165804852744,0.427314601110605,118654.322,298.207895278931,297.189296086629,0.00201910734155675,0.459483901801016,165900.89,298.207895278931,296.641359329224,0.00210155480694496,0.570370014164108
2021-05-02,"R","1.75","LANDSAT_8",0.0991762816983162,0.0708327225544894,0.106953521938325,0.051261629190643,0.0237928641969397,0.0168129850300054,0,1,24,0,395,401.75,"1_LC08_018050_20210502",30.75,9,9,84.114883,66.65151241,69514.89,298.182403564453,297.422180175781,0.00191165804852744,0.427314601110605,118654.322,298.207895278931,297.189296086629,0.00201910734155675,0.459483901801016,165900.89,298.207895278931,296.641359329224,0.00210155480694496,0.570370014164108
2021-05-18,"E","1.80","LANDSAT_8",0.0979582730216354,0.0625813135389298,0.0952192112622773,0.0614531602440297,0.0296457166774504,0.0231780263964979,0.08,1,23,0,3,7.69565217391304,"1_LC08_018050_20210518",28.91,9,9,73.74589046,66.47737698,75040.25,297.952226638794,296.43017578125,0.000255662408466861,0.599870123498048,113380.046,297.952226638794,295.214974721273,0.0107793802495344,0.81534683428443,155389.668,297.952226638794,295.214974721273,0.0142178365893706,0.785402416371634
2021-05-18,"F","1.70","LANDSAT_8",0.0290820641611015,0.0298647490486716,0.0643990654885303,0.0170316282512412,0.0123068572864146,0.0107792326291907,0,1,26,0,91,100.076923076923,"1_LC08_018050_20210518",28.91,9,9,73.74589046,66.47737698,75040.25,297.952226638794,296.43017578125,0.000255662408466861,0.599870123498048,113380.046,297.952226638794,295.214974721273,0.0107793802495344,0.81534683428443,155389.668,297.952226638794,295.214974721273,0.0142178365893706,0.785402416371634
2021-05-18,"P","1.75","LANDSAT_8",0.0361588007731802,0.0332631947701105,0.069839890717064,0.0202129976310187,0.014688103034589,0.0127734536893305,0,1,26,0,172,180.730769230769,"1_LC08_018050_20210518",28.91,9,9,73.74589046,66.47737698,75040.25,297.952226638794,296.43017578125,0.000255662408466861,0.599870123498048,113380.046,297.952226638794,295.214974721273,0.0107793802495344,0.81534683428443,155389.668,297.952226638794,295.214974721273,0.0142178365893706,0.785402416371634
2021-05-18,"R","2.25","LANDSAT_8",0.0560828785669278,0.027938256819489,0.0671907116111452,0.013474625484982,0.00349394571857837,0.00300756667589391,0,1,24,0,185,192.916666666667,"1_LC08_018050_20210518",28.91,9,9,73.74589046,66.47737698,75040.25,297.952226638794,296.43017578125,0.000255662408466861,0.599870123498048,113380.046,297.952226638794,295.214974721273,0.0107793802495344,0.81534683428443,155389.668,297.952226638794,295.214974721273,0.0142178365893706,0.785402416371634
2021-06-03,"P","2.45","LANDSAT_8",0.0487250068554811,0.0214649836660251,0.0598822181552939,0.00915950074306128,0.00498810552442388,0.00519072554526457,0,1,26,0,27,34.5,"1_LC08_018050_20210603",53,9,9,67.45235246,65.54632762,63347.804,295.794883092244,295.385498682658,0.00924079162024327,0.811737034416916,105390.964,296.726302464803,295.385498682658,0.0123244110955625,0.773424594899978,155459.188,296.892419179281,295.385498682658,0.0124915127171903,0.725526304206327
2021-07-05,"E","2.80","LANDSAT_8",0.040377836556569,0.016023619523098,0.0274392254557252,0.0122990940281009,0.0021276215829696,0.00142809230431308,0,1,25,0,186,192.92,"1_LC08_018050_20210705",50.13,9,9,67.55175682,64.07620364,55749.544,296.205594380697,294.930404027303,0.0276862095868182,0.434332630500681,104982.904,296.5538743337,294.930404027303,0.0284232210194659,0.446095583263231,144589.58,296.5538743337,294.807294209798,0.0445963721548033,0.445706883354508
2021-07-05,"F","2.85","LANDSAT_8",0.03546254933048,0.0146098730326587,0.0281777905964362,0.0113701159998466,0.00322281188791113,0.00274950509573175,0,1,26,0,28,34.7307692307692,"1_LC08_018050_20210705",50.13,9,9,67.55175682,64.07620364,55749.544,296.205594380697,294.930404027303,0.0276862095868182,0.434332630500681,104982.904,296.5538743337,294.930404027303,0.0284232210194659,0.446095583263231,144589.58,296.5538743337,294.807294209798,0.0445963721548033,0.445706883354508
2021-07-05,"P","2.60","LANDSAT_8",0.0275332917015501,0.0121870090647883,0.0258926388841817,0.0101012473135434,0.00175905954470562,0.00133865980817797,0,1,26,0,400,407.153846153846,"1_LC08_018050_20210705",50.13,9,9,67.55175682,64.07620364,55749.544,296.205594380697,294.930404027303,0.0276862095868182,0.434332630500681,104982.904,296.5538743337,294.930404027303,0.0284232210194659,0.446095583263231,144589.58,296.5538743337,294.807294209798,0.0445963721548033,0.445706883354508
2021-07-05,"R","2.60","LANDSAT_8",0.0250987872704009,0.0106026317551149,0.0244929646353869,0.0107028059351684,0.00179590206173138,0.0014392727485778,0,1,24,0,306,313.666666666667,"1_LC08_018050_20210705",50.13,9,9,67.55175682,64.07620364,55749.544,296.205594380697,294.930404027303,0.0276862095868182,0.434332630500681,104982.904,296.5538743337,294.930404027303,0.0284232210194659,0.446095583263231,144589.58,296.5538743337,294.807294209798,0.0445963721548033,0.445706883354508
2021-08-06,"F","2.00","LANDSAT_8",0.0468504015602976,0.0236769398917655,0.0367196639619955,0.0210399147491165,0.0162823067323453,0.0122797638110208,0.0769230769230769,1,23,0,3,8.17391304347826,"1_LC08_018050_20210806",40.96,9,9,81.88673205,64.6659509,62153.118,295.283661524455,294.684162775675,0.0365673810243266,0.293832238333236,99339.138,295.283661524455,294.684162775675,0.0506701209920273,0.392522224105791,139400.406,295.283661524455,294.684162775675,0.0653948117763896,0.456419244190431
2021-08-06,"R","2.75","LANDSAT_8",0.0176285522329894,0.00642083310488186,0.0182480193592858,0.012233854985066,0.00632591480080982,0.0059360851825747,0,1,24,0,70,77.7916666666667,"1_LC08_018050_20210806",40.96,9,9,81.88673205,64.6659509,62153.118,295.283661524455,294.684162775675,0.0365673810243266,0.293832238333236,99339.138,295.283661524455,294.684162775675,0.0506701209920273,0.392522224105791,139400.406,295.283661524455,294.684162775675,0.0653948117763896,0.456419244190431
2021-10-25,"E","3.50","LANDSAT_8",0.0267431881812167,0.0143910866959709,0.0221666082789487,0.0150783952468923,0.00298878248218285,0.00225627483577081,0,1,25,0,235,243.88,"1_LC08_018050_20211025",43.31,9,9,141.55683421,56.27022085,57071.414,296.337664922078,295.158570607503,0.00565881558710046,0.350376564942335,92423.822,296.337664922078,295.017823537191,0.0121557874326363,0.350886743129274,125136.678,296.337664922078,294.227040608724,0.0300464821700253,0.358557364091633
2021-10-25,"F","3.50","LANDSAT_8",0.020997528767981,0.00809456781224408,0.0160141101055918,0.00990627924949593,0.00211533128148157,0.00171888368420634,0,1,26,0,270,278.423076923077,"1_LC08_018050_20211025",43.31,9,9,141.55683421,56.27022085,57071.414,296.337664922078,295.158570607503,0.00565881558710046,0.350376564942335,92423.822,296.337664922078,295.017823537191,0.0121557874326363,0.350886743129274,125136.678,296.337664922078,294.227040608724,0.0300464821700253,0.358557364091633
2021-10-25,"P","3.30","LANDSAT_8",0.0206372843825947,0.00985126952501215,0.0173783791017062,0.0109143103207189,0.0021890781595952,0.00180839972954402,0,1,26,0,94,102,"1_LC08_018050_20211025",43.31,9,9,141.55683421,56.27022085,57071.414,296.337664922078,295.158570607503,0.00565881558710046,0.350376564942335,92423.822,296.337664922078,295.017823537191,0.0121557874326363,0.350886743129274,125136.678,296.337664922078,294.227040608724,0.0300464821700253,0.358557364091633
2021-10-25,"R","3.50","LANDSAT_8",0.0229643956733246,0.0115528412587378,0.0203647598572132,0.0132131950846045,0.00245958746661908,0.00170769556078697,0,1,24,0,97,104.5,"1_LC08_018050_20211025",43.31,9,9,141.55683421,56.27022085,57071.414,296.337664922078,295.158570607503,0.00565881558710046,0.350376564942335,92423.822,296.337664922078,295.017823537191,0.0121557874326363,0.350886743129274,125136.678,296.337664922078,294.227040608724,0.0300464821700253,0.358557364091633
2021-11-10,"F","5.10","LANDSAT_8",0.0224723782819433,0.00987103217319422,0.0126421942608423,0.0125274872627742,0.00338300756348228,0.00231229378024507,0,1,26,0,203,210.692307692308,"1_LC08_018050_20211110",12.1,9,9,146.60834374,52.2305661,35082.248,291.409009297689,290.705680211385,0.00613412608743147,0.842450586505106,52672.284,291.738564809163,290.705680211385,0.0115493429519979,0.921820131630481,84398.26,293.75547281901,290.705680211385,0.0161440504408752,0.874376113568808
2021-11-10,"R","3.55","LANDSAT_8",0.0316567103313913,0.0117509589884412,0.020293499460974,0.0125927586395527,0.0026687294146807,0.00188674239543923,0,1,24,0,64,71.9583333333333,"1_LC08_018050_20211110",12.1,9,9,146.60834374,52.2305661,35082.248,291.409009297689,290.705680211385,0.00613412608743147,0.842450586505106,52672.284,291.738564809163,290.705680211385,0.0115493429519979,0.921820131630481,84398.26,293.75547281901,290.705680211385,0.0161440504408752,0.874376113568808
2021-12-12,"F","3.00","LANDSAT_8",0.0384492502033271,0.0208829256144658,0.0312124610528074,0.0207917217302474,0.0106008368822849,0.00937513518237017,0.307692307692308,1,18,0,12,18.5555555555556,"1_LC08_018050_20211212",26.18,9,9,148.53998512,46.11042743,49405.352,293.863780339559,293.280627568563,0.00226909816251464,0.472193751885185,81717.516,294.076065063477,293.280627568563,0.00266872786062322,0.435097703165196,110220.744,294.076065063477,293.280627568563,0.00530417286176998,0.489489496101731
2021-12-12,"R","1.90","LANDSAT_8",0.0304347280978651,0.0198604136257065,0.0252642218177494,0.0202625809979807,0.0107886942117285,0.00913587566330798,0,1,24,0,9,15.5416666666667,"1_LC08_018050_20211212",26.18,9,9,148.53998512,46.11042743,49405.352,293.863780339559,293.280627568563,0.00226909816251464,0.472193751885185,81717.516,294.076065063477,293.280627568563,0.00266872786062322,0.435097703165196,110220.744,294.076065063477,293.280627568563,0.00530417286176998,0.489489496101731
2021-12-28,"E","2.50","LANDSAT_8",0.0167796249429329,0.0109390212558059,0.0156602161373093,0.0118751686851882,0.0024472880405973,0.00153991056943869,0,1,25,0,436,443.44,"1_LC08_018050_20211228",13,9,9,146.51076613,44.98685671,48368.748,293.480639775594,292.568981806437,0.000195109844014496,0.326238794167549,82539.208,293.480639775594,289.870700836182,0.000268039107027107,0.277638169668955,103967.424,293.480639775594,289.777528127034,0.011809602379401,0.43247105033461
2021-12-28,"F","2.15","LANDSAT_8",0.0260851605590722,0.0158442607760131,0.0267194450437799,0.013834280000845,0.00258260031385014,0.00151754445908409,0,1,26,0,359,365.576923076923,"1_LC08_018050_20211228",13,9,9,146.51076613,44.98685671,48368.748,293.480639775594,292.568981806437,0.000195109844014496,0.326238794167549,82539.208,293.480639775594,289.870700836182,0.000268039107027107,0.277638169668955,103967.424,293.480639775594,289.777528127034,0.011809602379401,0.43247105033461
2021-12-28,"P","3.00","LANDSAT_8",0.0194590564247411,0.010939021255806,0.0168287886365158,0.012331716244097,0.00254569291125104,0.00165175955118291,0,1,26,0,549,555.615384615385,"1_LC08_018050_20211228",13,9,9,146.51076613,44.98685671,48368.748,293.480639775594,292.568981806437,0.000195109844014496,0.326238794167549,82539.208,293.480639775594,289.870700836182,0.000268039107027107,0.277638169668955,103967.424,293.480639775594,289.777528127034,0.011809602379401,0.43247105033461
2021-12-28,"R","2.00","LANDSAT_8",0.0172366648053896,0.011473609365686,0.0151827612335258,0.0122012381580271,0.00245958746661908,0.0015287273606783,0,1,24,0,302,309.75,"1_LC08_018050_20211228",13,9,9,146.51076613,44.98685671,48368.748,293.480639775594,292.568981806437,0.000195109844014496,0.326238794167549,82539.208,293.480639775594,289.870700836182,0.000268039107027107,0.277638169668955,103967.424,293.480639775594,289.777528127034,0.011809602379401,0.43247105033461
2022-03-18,"E","3.80","LANDSAT_8",0.0391139414537374,0.0218264906882267,0.0411128139950758,0.019816476197168,0.00446891089032245,0.00295145250990202,0,1,25,0,438,446,"1_LC08_018050_20220318",25.8,9,9,117.6101469,59.39169938,65440.402625,295.891648610433,293.970717112223,0.00782413780672186,0.625630302480545,103988.6635625,295.891648610433,293.196207682292,0.012853038390972,0.796583035951862,143942.582,296.188866297404,292.980904261271,0.0170826786741145,0.838663751523369
2022-03-18,"F","2.50","LANDSAT_8",0.0607751087330722,0.0368611745991885,0.0596373114095741,0.0221331644223674,0.00513655634285786,0.00307491381156829,0,1,26,0,365,372.769230769231,"1_LC08_018050_20220318",25.8,9,9,117.6101469,59.39169938,65440.402625,295.891648610433,293.970717112223,0.00782413780672186,0.625630302480545,103988.6635625,295.891648610433,293.196207682292,0.012853038390972,0.796583035951862,143942.582,296.188866297404,292.980904261271,0.0170826786741145,0.838663751523369
2022-03-18,"P","3.50","LANDSAT_8",0.0360593122281622,0.0182993026645205,0.0384004649360894,0.0127559685170826,0.0028287273920206,0.00225627483577081,0,1,26,0,494,501,"1_LC08_018050_20220318",25.8,9,9,117.6101469,59.39169938,65440.402625,295.891648610433,293.970717112223,0.00782413780672186,0.625630302480545,103988.6635625,295.891648610433,293.196207682292,0.012853038390972,0.796583035951862,143942.582,296.188866297404,292.980904261271,0.0170826786741145,0.838663751523369
2022-03-18,"R","4.25","LANDSAT_8",0.0255261172555288,0.0133179973204253,0.0313210905560964,0.0123154049115591,0.00293952867911044,0.0024691876778757,0,1,24,0,305,312.666666666667,"1_LC08_018050_20220318",25.8,9,9,117.6101469,59.39169938,65440.402625,295.891648610433,293.970717112223,0.00782413780672186,0.625630302480545,103988.6635625,295.891648610433,293.196207682292,0.012853038390972,0.796583035951862,143942.582,296.188866297404,292.980904261271,0.0170826786741145,0.838663751523369
2022-04-03,"E","4.60","LANDSAT_8",0.0230628232048045,0.00494726525513125,0.0406722654800144,0.00661786954265313,0.0035309311866329,0.00358036980232448,0,1,25,0,179,186.88,"1_LC08_018050_20220403",28.86,9,9,106.96977648,63.20411667,73515.216,298.146766662598,297.035380681356,2.42168057980052e-05,0.768747412495404,120077.6,298.146766662598,296.262309392293,5.75656045498363e-05,0.829645536337334,157727.778,298.146766662598,293.375183741252,0.00123323145995258,0.790151418246161
2022-04-03,"R","4.60","LANDSAT_8",0.0303026949609272,0.0080748540174426,0.046180330835078,0.0109143103207189,0.00649962312744588,0.00556323811193142,0,1,24,0,15,23.0416666666667,"1_LC08_018050_20220403",28.86,9,9,106.96977648,63.20411667,73515.216,298.146766662598,297.035380681356,2.42168057980052e-05,0.768747412495404,120077.6,298.146766662598,296.262309392293,5.75656045498363e-05,0.829645536337334,157727.778,298.146766662598,293.375183741252,0.00123323145995258,0.790151418246161
2022-04-19,"R","4.75","LANDSAT_8",0.0724274185265075,0.0453287542230065,0.062260097075927,0.0417526936117365,0.0199846624776371,0.014188772224087,0,1,24,0,28,36.1666666666667,"1_LC08_018050_20220419",7.39,9,9,94.52446487,65.78885141,71225.684,296.601293563843,295.112401326497,0.000153446197202811,1.09173587346255,117904.528,297.098147074382,295.112401326497,0.00042841282373729,1.00640108272115,167645.702,297.234768549601,295.112401326497,0.000441707639652122,0.926386030942547
2022-05-21,"E","2.75","LANDSAT_8",0.0487250068554811,0.0314501629382569,0.0457181603238613,0.0463005943619388,0.0205341727606778,0.015204209573319,0,1,25,0,142,148.96,"1_LC08_018050_20220521",67.75,9,9,72.30821558,66.42610067,59179.048,297.927512486776,296.349810918172,0.0154694586991582,1.00239781937476,109055.46,297.927512486776,296.349810918172,0.0154706984756672,0.998582654475777,162080.994,297.927512486776,296.16686185201,0.0155085146424199,1.03073015845158
2022-05-21,"R","2.90","LANDSAT_8",0.0639241251188274,0.0384611109703781,0.0548870626441329,0.0334602017999229,0.0193592380707442,0.0143040430371418,0,1,24,0,268,275.75,"1_LC08_018050_20220521",67.75,9,9,72.30821558,66.42610067,59179.048,297.927512486776,296.349810918172,0.0154694586991582,1.00239781937476,109055.46,297.927512486776,296.349810918172,0.0154706984756672,0.998582654475777,162080.994,297.927512486776,296.16686185201,0.0155085146424199,1.03073015845158
2022-06-22,"E","3.60","LANDSAT_8",0.0224067911077022,0.0106224150302799,0.029205905445885,0.0160624237392356,0.0123445605511242,0.0112711922403754,0,1,25,0,8,16.64,"1_LC08_018050_20220622",74.08,9,9,65.57276162,64.51479191,48022.932,293.948340733846,293.616945266724,0.0249157190322826,0.455160228141766,82982.628,294.373685836792,293.616945266724,0.0615225566699742,0.331987105129732,116982.404,294.373685836792,293.171115239461,0.078134615547885,0.358593564361934
2022-07-08,"R","9.50","LANDSAT_8",0.0218822219975257,0.0042998626981767,0.0168110675261024,0.00932176306227533,0.00530981047048056,0.00497640035303704,0,1,24,0,6,12.75,"1_LC08_018050_20220708",44.78,9,9,68.23444566,64.10600575,59689.22,294.714598337809,294.324505488078,0.0087128043303224,0.607303531174371,95007.032,294.714598337809,294.310364405314,0.019516860956454,0.609914117631502,125633.056,294.714598337809,293.659899393717,0.0468162531797098,0.66135671513536
2022-08-25,"B","2.75","LANDSAT_8",0.0597609406313134,0.0323866987260797,0.074013236760317,0.0108654948801645,0.001980160269529,0.00196510011247756,0,1,25,0,46,53.12,"1_LC08_018050_20220825",43.66,9,9,95.99080616,65.12567606,61940.93,295.018172581991,294.407696406047,0.0302454084156416,0.17533782643772,102004.664,295.018172581991,294.407696406047,0.0386250297408033,0.237247285628948,146674.996,295.720989863078,294.407696406047,0.0434333852852156,0.289560387617415
2022-08-25,"E","3.00","LANDSAT_8",0.0572627540072559,0.0280800416913567,0.0686952323039905,0.0105401618981494,0.0012681166176592,0.00111516457437223,0,1,25,0,249,257.16,"1_LC08_018050_20220825",43.66,9,9,95.99080616,65.12567606,61940.93,295.018172581991,294.407696406047,0.0302454084156416,0.17533782643772,102004.664,295.018172581991,294.407696406047,0.0386250297408033,0.237247285628948,146674.996,295.720989863078,294.407696406047,0.0434333852852156,0.289560387617415
2022-08-25,"R","3.00","LANDSAT_8",0.0421094618345833,0.0227511409913665,0.0546625110703832,0.0106540080087251,0.00162399633742958,0.00128277448099456,0,1,24,0,239,246.291666666667,"1_LC08_018050_20220825",43.66,9,9,95.99080616,65.12567606,61940.93,295.018172581991,294.407696406047,0.0302454084156416,0.17533782643772,102004.664,295.018172581991,294.407696406047,0.0386250297408033,0.237247285628948,146674.996,295.720989863078,294.407696406047,0.0434333852852156,0.289560387617415
2022-09-26,"B","3.75","LANDSAT_8",0.0290490910658131,0.0115330324712519,0.0240987082001283,0.0107678761242096,0.001980160269529,0.00156227790845806,0,1,25,0,232,239.6,"1_LC08_018050_20220926",29.96,9,9,123.67062064,62.67081772,52452.86525,294.691212336222,294.105885187785,0.0138439412548905,0.619869441657101,71835.782375,294.691212336222,293.090217590332,0.0699229292220593,0.553049625718509,95981.680375,294.691212336222,293.090217590332,0.113760118896437,0.449972522919701
2022-09-26,"E","3.00","LANDSAT_8",0.0378513327518705,0.0147093430801304,0.0326804048687948,0.00914327698107859,0.00141534272089645,0.00131630475580604,0,1,25,0,246,254.16,"1_LC08_018050_20220926",29.96,9,9,123.67062064,62.67081772,52452.86525,294.691212336222,294.105885187785,0.0138439412548905,0.619869441657101,71835.782375,294.691212336222,293.090217590332,0.0699229292220593,0.553049625718509,95981.680375,294.691212336222,293.090217590332,0.113760118896437,0.449972522919701
2022-09-26,"R","3.50","LANDSAT_8",0.0326484020506439,0.0118698556813995,0.0227921438200467,0.0116144424418911,0.00255799504083837,0.00189793543351757,0,1,24,0,297,303,"1_LC08_018050_20220926",29.96,9,9,123.67062064,62.67081772,52452.86525,294.691212336222,294.105885187785,0.0138439412548905,0.619869441657101,71835.782375,294.691212336222,293.090217590332,0.0699229292220593,0.553049625718509,95981.680375,294.691212336222,293.090217590332,0.113760118896437,0.449972522919701
2022-10-04,"B","3.50","LANDSAT_9",0.0336453867276114,0.0229796186637914,0.0261755628584228,0.0500121330214331,0.020111406629479,0.0129221020169187,0,1,25,0,215,222.16,"2_LC09_018050_20221004",14.5,9,9,129.59653694,61.18226309,47765.1356875,293.752643585205,293.242636998494,0.00501399040206252,0.738466879261794,76497.0690625,293.752643585205,292.763686498006,0.0133812665937398,0.827058837327648,101460.8783125,294.196924845378,292.763686498006,0.045562264322939,0.709037840748466
2022-12-07,"B","2.50","LANDSAT_9",0.011947748468072,0.00181418415572524,0.021116110681302,0.00385017318496319,0.00652408886254727,0.00525319419630328,0.56,1,11,0,3,4.90909090909091,"2_LC09_018050_20221207",46.46,9,9,148.85080342,46.81179614,46307.38,292.248816172282,292.035747528076,0.00669023096548926,0.976300527067361,70354.812,292.805037180583,291.978256225586,0.019014036655296,1.09193071888411,100411.816,292.900115331014,291.978256225586,0.0331937917886016,1.12782626006731
